,index,id,type,by,time,url,score,title,descendants
0,0,38844274,story,nsajko,1704216705,https://fixmyblinds.com/,170,Do It Yourself Blind Repair,49.0
1,1,38845510,story,memalign,1704222006,https://abagames.github.io/crisp-game-lib-11-games/?pakupaku,51,1D Pac-Man,4.0
2,2,38845500,story,KnuthIsGod,1704221954,https://www.marketing-beat.co.uk/2024/01/02/linkedin-ups-ad-prices-x-demise/,34,LinkedIn ad prices up as X plummets,9.0
3,3,38842977,story,whoishiring,1704211278,,132,Ask HN: Who is hiring? (January 2024),83.0
4,4,38843388,story,djha-skin,1704212768,https://www.daemonology.net/blog/2023-12-31-Canadian-payroll-dependency-chart.html,226,A Canadian payroll dependency chart,170.0
5,5,38845650,story,teejae,1704222636,https://seater.steam-oven.net/,6,Show HN: Better Seater: Wedding Seating Chart Optimizer,0.0
6,6,38843675,story,stefanpie,1704213990,https://stefanabikaram.com/writing/fpga-sa-placer/,33,A Simulated Annealing FPGA Placer,6.0
7,7,38844888,story,StreamSphere,1704219402,https://play.google.com/store/apps/details?id=com.niviva.rssreader.streamsphere&hl=en_US,24,Show HN: I've Implemented a RSS Reader,20.0
8,8,38842703,story,Pikamander2,1704210042,https://jukebox.davi.gq/jukebox_search.html,83,The Infinite/Eternal Jukebox has been revived,13.0
9,9,38841727,story,andsoitis,1704204629,http://fqa.9front.org/fqa0.html,94,Introduction to Plan 9,14.0
10,10,38845461,story,erfanebrahimnia,1704221824,https://nitter.cz/addyosmani/status/1739052802314539371,14,"""First do it, then do it right, then do it better.""",1.0
11,11,38842571,story,neural_thing,1704209265,https://sergey.substack.com/p/thomas-cochrane,44,Thomas Cochrane,30.0
12,12,38839763,story,alexis2b,1704187633,https://updown.io/blog/the-funny-rules-of-spamassassin-in-2023,144,The funny rules of SpamAssassin in 2023,71.0
13,13,38844740,story,PaulHoule,1704218760,https://www.latimes.com/california/story/2023-12-26/chabria-column-los-angeles-state-prison-re-entry-facility-rehabilitation,27,"In L.A., a new vision of incarceration proves rehabilitation works",38.0
14,14,38842297,job,smilliken,1704207583,,1,MixRank (YC S11) is hiring global remote software engineers,
15,15,38845556,story,albertzak,1704222227,https://charlieroberts.github.io/annotationsAndVisualizations/,6,Realtime Annotations and Visualizations in Live Coding Performance,1.0
16,16,38844661,story,redbell,1704218382,https://buttondown.email/hillelwayne/archive/did-brendan-eich-really-make-javascript-in-10-days/,57,Was Javascript really made in 10 days?,31.0
17,17,38843069,story,cyanf,1704211569,https://browse.arxiv.org/html/2312.08361v1,32,Distributed Inference and Fine-Tuning of Large Language Models over the Internet,4.0
18,18,38844943,story,gregsadetsky,1704219656,https://blog.greg.technology/2024/01/02/how-do-you-ocr-on-a-mac.html,5,Show HN: How do you OCR on a Mac using the CLI or just Python for free,0.0
19,19,38842975,story,whoishiring,1704211276,,26,Ask HN: Who wants to be hired? (January 2024),94.0
20,20,38829841,story,zdw,1704085312,https://scalibq.wordpress.com/2024/01/01/video-playback-on-low-end-ms-dos-machines/,48,Video playback on low-end MS-DOS machines,8.0
21,21,38845508,story,cmcollier,1704221993,https://arxiv.org/abs/2401.00368,3,Improving Text Embeddings with Large Language Models,0.0
22,22,38842079,story,anarbadalov,1704206583,https://thereader.mitpress.mit.edu/an-untold-story-of-lsd-psychotherapy-in-communist-czechoslovakia/,50,An untold story of LSD psychotherapy in communist czechoslovakia,1.0
23,23,38841080,story,gslin,1704199582,https://www.youtube.com/watch?v=GuJ5UuknsHU,195,"After 34 years, someone beat Tetris [video]",61.0
24,24,38841708,story,nixass,1704204522,http://avherald.com/h?article=5132b9fe,41,JAL A359 at Tokyo collided with Coast Guard DH8C on runway and burst into flames,277.0
25,25,38845284,story,todsacerdoti,1704221160,https://docs.chrultrabook.com/,12,Chrultrabook Docs,0.0
26,26,38844950,story,piinbinary,1704219696,https://jeremymikkola.com/posts/2017_07_15_move_commits_between_git_repos.html,5,Moving Git commits between repos,0.0
27,27,38838723,story,taviso,1704176240,https://lock.cmpxchg8b.com/hiew.html,102,Hiew Hex Editor,20.0
28,28,38838459,story,wglb,1704173450,https://phys.org/news/2023-12-small-magellanic-cloud-smaller-galaxies.html,7,New study shows Small Magellanic Cloud is two smaller galaxies,1.0
29,29,38842116,story,ctnicholas,1704206781,https://chrisnicholas.dev/blog/a-new-blog-for-2024,133,A new blog for 2024,77.0
30,30,38839506,story,tehrash,1704184971,https://damoonrashidi.me/articles/flow-field-methods,220,What I've learned about flow fields so far,37.0
31,31,38840142,story,segfaultbuserr,1704191127,https://stackoverflow.com/questions/75772363/why-does-the-integer-representation-of-a-floating-point-number-offer-a-piecewise,91,Why does integer representation of a floating point approximate its logarithm?,17.0
32,32,38840699,story,ronyclau,1704196521,https://www3.nhk.or.jp/nhkworld/en/news/20240102_22/,61,Earthquake in Japan yesterday may have shifted land 1.3 meters,53.0
33,33,38831740,story,Brajeshwar,1704116911,https://spectrum.ieee.org/clapper,61,The cheesy charm of the Clapper,25.0
34,34,38838945,story,mts_,1704178709,https://eugeneyan.com/writing/push/,90,"Push notifications – What to push, what not to push, and how often",114.0
35,35,38844945,story,diqi,1704219663,https://lantern.dev/blog/hnsw-index-creation,9,90x Faster Than Pgvector – Lantern's HNSW Index Creation Time,0.0
36,36,38835113,story,brudgers,1704141275,https://tangentsoft.com/audio/cmoy/,35,How to Build the CMoy Pocket Amplifier (2016),17.0
37,37,38840339,story,edward,1704193167,https://www.ianvisits.co.uk/articles/elizabeth-line-testing-ways-of-banishing-its-ghosts-in-the-walls-68642/,121,"Elizabeth line testing ways of banishing its ""ghosts in the walls""",129.0
38,38,38839652,story,nethunters,1704186404,https://www.nofreelunch.co.uk/blog/salim-kara-lrt-scam/,373,Salim Kara stole $2M in coins with a magnet and a car antenna (2022),275.0
39,39,38838946,story,tomosterlund,1704178718,https://schedule-x.dev/demos/calendar,199,Show HN: I built an open source web calendar inspired by the Google calendar,55.0
40,40,38812724,story,drdee,1703908827,https://drb.ie/articles/climbing-mount-improbable/,21,Up Mount Improbable,7.0
41,41,38840850,story,LukeEF,1704197814,https://github.com/GavinMendelGleason/blog/blob/main/entries/parallelising_hnsw.md,36,Parallelizing HNSW (Hierarchical Navigable Small World) graphs,5.0
42,42,38843589,story,siamese_puff,1704213603,https://ryan-schachte.com/blog/ha_postgres_zolando/,69,Self-hosting a high-availability Postgres cluster on Kubernetes,49.0
43,43,38840626,story,nalgeon,1704195837,http://antirez.com/news/140,366,LLMs and Programming in the first days of 2024,237.0
44,44,38843329,story,vinnyvichy,1704212500,https://www.bbc.com/news/world-67858016,7,Nobel laureate Yunus sentenced to jail in Bangladesh,2.0
45,45,38830980,story,elorant,1704106055,https://www.saturdayeveningpost.com/2023/10/history-in-ink-preserving-the-worlds-largest-cartoon-and-comic-collection/,19,Preserving the world's largest cartoon and comic collection,2.0
46,46,38841382,story,galdan,1704202015,https://github.com/feschber/lan-mouse,37,LAN Mouse: Mouse and keyboard sharing software,19.0
47,47,38841314,story,PaulHoule,1704201464,https://arxiv.org/abs/2312.14237,26,Framework for identification of chaotic systems with symbolic regression,5.0
48,48,38838369,story,todsacerdoti,1704172561,https://posixcafe.org/blogs/2024/01/01/0/,116,Running 9front on an emulated SGI Indy via MAME,17.0
49,49,38837998,story,Thevet,1704168330,https://www.atlasobscura.com/articles/new-years-greenland-mitaartut,7,How to celebrate the New Year in Greenland,0.0
50,50,38831119,story,lars512,1704108234,https://lars.yencken.org/fresh-start-effect,88,The fresh start effect,37.0
51,51,38844024,story,hunglee2,1704215565,https://www.nber.org/system/files/working_papers/w31984/w31984.pdf,30,Online Job Posts Contain Little Wage Information [pdf],31.0
52,52,38831012,story,pjmlp,1704106645,https://blog.aaronballman.com/2023/12/musings-on-the-c-charter/,47,Musings on the C Charter,19.0
53,53,38838531,story,HakanAbbas,1704174186,"https://hydrogenaud.io/index.php/topic,125248.0.html?PHPSESSID=su12fvq4ar7cordpr8p1uoa7p0",199,New Ultra Fast Lossless Audio Codec (HALAC),140.0
54,54,38844885,story,clockworksoul,1704219389,https://techcrunch.com/2024/01/02/fidelity-marks-down-x-to-almost-a-third-of-the-investment-price/,19,Fidelity marks down X valuation by 71.5%,4.0
55,55,38845000,story,platzhirsch,1704219912,https://9lab.org/plan9/thinkpad-t420s/,24,Plan9/ThinkPad T420s (2021),2.0
56,56,38838585,story,sgbeal,1704174828,,78,Ask HN: What 1980s/90s-era shareware did you purchase?,143.0
57,57,38838198,story,goddessoflists,1704170539,https://ckarchive.com/b/68ueh8hk25687hkq88gqmtzope0kk,112,How to forget what you read,40.0
58,58,38845574,story,belter,1704222325,https://visualstudiomagazine.com/articles/2023/11/30/visual-studio-rust.aspx,4,Native Rust in Visual Studio Is Top Dev Request (2023),0.0
59,59,38838487,story,wglb,1704173707,https://phys.org/news/2023-12-sodium-high-pressure-interiors-stars-planets.html,48,"Sodium's high-pressure transformation can tell us about stars, planets",8.0
60,60,38845454,story,paulpauper,1704221817,https://www.thefp.com/p/rob-henderson-lessons-i-learned-the,3,Rob Henderson: Lessons I Learned the Hard Way,0.0
61,61,38838161,story,stackus,1704170175,https://github.com/stackus/hamlet,52,Hamlet: A type-safe Haml template engine for Go,36.0
62,62,38842172,story,numeromancer,1704207047,https://github.com/neovim/neovim/releases/tag/v0.9.5,30,Neovim v0.9.5 Released,3.0
63,63,38844324,story,EclipseMantis,1704216864,,5,Ask HN: Is it feasible to train my own LLM?,4.0
64,64,38842248,story,tosh,1704207334,https://en.wikipedia.org/wiki/Antimacassar,33,Antimacassar,3.0
65,65,38833658,story,azhenley,1704131541,https://timmastny.com/blog/a-star-tricks-for-videogame-path-finding/,450,A* tricks for videogame path finding,99.0
66,66,38844999,story,lassmaglio,1704219912,https://www.gokugoku.app/japanese-grammar/tte-japanese-grammar,4,Learn Japanese with Interactive Examples,0.0
67,67,38834244,story,Anon84,1704134768,https://arxiv.org/abs/2310.20360,423,"Mathematical Introduction to Deep Learning: Methods, Implementations, and Theory",144.0
68,68,38843862,story,mpweiher,1704214875,https://ihateailicense.eu/,101,The I Hate AI License,110.0
69,69,38831219,story,pauloxnet,1704109895,https://standardebooks.org/,645,Standard Ebooks,132.0
70,70,38839436,story,L_226,1704184276,https://protocol.bryanjohnson.com/,120,Blueprint health protocol,173.0
71,71,38844233,story,belter,1704216541,https://english.elpais.com/science-tech/2024-01-01/are-plant-species-also-becoming-extinct.html,5,Are plant species also becoming extinct?,0.0
72,72,38833747,story,codyd51,1704132114,https://axleos.com/writing-a-truetype-font-renderer/,300,Writing a TrueType font renderer,72.0
73,73,38832317,story,saeedesmaili,1704122192,https://arxiv.org/abs/2312.01479,383,OpenVoice: Versatile Instant Voice Cloning,183.0
74,74,38844170,story,alexzeitler,1704216227,https://games.slashdot.org/story/24/01/02/1658246/tetris-has-finally-been-beaten-after-34-years,4,Tetris Has Been Beaten After 34 Years,2.0
75,75,38830782,story,ghr,1704102951,https://www.fullcircuit.com/blog/fixing-annoying-blue-standby-lights,310,Fixing annoying blue standby lights,233.0
76,76,38830159,story,ingve,1704092314,https://deprogrammaticaipsum.com/return-to-innocence/,26,Return to Innocence,25.0
77,77,38836998,story,fercircularbuf,1704158147,https://github.com/abolinsky/Hook,64,Show HN: Hook – a simple graphical C/C++ runtime editor,33.0
78,78,38831826,story,popcalc,1704117843,http://vonatinfo.mav-start.hu/info.aspx,79,Hungarian Railways' Live Countrywide Map,48.0
79,79,38840907,story,nameequalsmain,1704198328,https://daniel.haxx.se/blog/2024/01/02/the-i-in-llm-stands-for-intelligence/,24,The I in LLM stands for intelligence,2.0
80,80,38838466,story,wglb,1704173522,https://phys.org/news/2023-12-constraining-dynamics-rotating-black-holes.html,23,Constraining dynamics of rotating black holes via the gauge symmetry principle,1.0
81,81,38836437,story,mindcrime,1704153056,https://fiziko.bureau42.com/teaching_tidbits/manual_logarithms.pdf,102,Calculating Logarithms by Hand (2010) [pdf],33.0
82,82,38830673,story,rguiscard,1704101439,https://github.com/webui-dev/webui,220,"Web browser as GUI, with your preferred language in the backend",161.0
83,83,38821248,story,882542F3884314B,1703989942,https://danluu.com/seo-spam/,919,"Compare Google, Bing, Marginalia, Kagi, Mwmbl, and ChatGPT",459.0
84,84,38835419,story,spike021,1704143787,https://nerv.app/en/,186,NERV Disaster Prevention,119.0
85,85,38829448,story,882542F3884314B,1704077876,https://meshtastic.org/,316,"Meshtastic: An open source, off-grid, decentralized, mesh network",68.0
86,86,38842141,story,Brajeshwar,1704206915,https://bigthink.com/health/red-meat-heart-disease/,15,Red meat causes heart disease. Except when it doesn't?,14.0
87,87,38828040,story,goncalossilva,1704061316,https://github.com/ublue-os/bazzite,371,"Bazzite – a SteamOS-like OCI image for desktop, living room, and handheld PCs",104.0
88,88,38822892,story,rcarmo,1704015742,https://gerotakke.de/ottopot/,152,"Ottopot, a sophisticated DIY MIDI controller",30.0
89,89,38838661,story,anarbadalov,1704175727,https://lithub.com/benjamin-labatut-will-not-be-profiled/,7,Benjamín Labatut Will Not Be Profiled,4.0
90,90,38829772,story,benhoyt,1704084015,https://benhoyt.com/writings/markov-chain/,223,Using a Markov chain to generate readable nonsense with 20 lines of Python,69.0
91,91,38841349,story,doener,1704201764,https://www.youtube.com/watch?v=HADp3emVABg,6,The Rise of Unix. The Seeds of Its Fall [video],0.0
92,92,38838875,story,taubek,1704177790,https://old.reddit.com/r/recruitinghell/comments/17p7mlt/i_applied_to_250_jobs_and_timed_how_long_each_one/,40,I applied to 250 jobs and timed how long each one took,29.0
93,93,38835345,story,st_goliath,1704143145,https://github.com/iorate/ublacklist,226,uBlacklist: Blocks specific sites from appearing in Google search results,82.0
94,94,38841189,story,pg_1234,1704200461,https://www.fresnobee.com/news/business/article283440838.html,9,Tesla loses legal appeal in Sweden as strike hits eight weeks,2.0
95,95,38808121,story,gumby,1703873171,https://www.eetimes.com/comparing-tech-used-for-apollo-artemis-nasa-missions/,65,"Comparing Tech Used for Apollo, Artemis NASA Missions",34.0
96,96,38831991,story,s4i,1704119154,https://github.com/aaronjensen/software-development/blob/master/commit-messages.md,148,Subject-First Commit Messages,149.0
97,97,38837311,story,fagnerbrack,1704161790,https://stylexjs.com/blog/introducing-stylex/,13,Stylex,9.0
98,98,38827599,story,sam_bristow,1704057464,https://matklad.github.io/2023/12/31/O(1)-build-file.html#O-1-Build-File,62,O(1) Build File,15.0
99,99,38843642,story,gslin,1704213854,https://www.bleepingcomputer.com/news/security/hospitals-ask-courts-to-force-cloud-storage-firm-to-return-stolen-data/,16,Hospitals ask courts to force cloud storage firm to return stolen data,9.0
100,100,38841183,story,raviisoccupied,1704200394,https://www.theregister.com/2024/01/02/nhs_england_published_heavily_redacted/,43,NHS England published heavily redacted Palantir contract as festivities began,3.0
101,101,38830103,story,geox,1704091231,https://www.garshol.priv.no/blog/376.html,48,Pasteur and the beer of national revenge (2017),12.0
102,102,38823101,story,muterad_murilax,1704019533,https://iliana.fyi/blog/build-your-own-steamos-updates/,459,I forked SteamOS for my living room PC,233.0
103,103,38823817,story,throw0101b,1704028380,https://utcc.utoronto.ca/~cks/space/blog/tech/EmailAddressesBadPermanentIDs,318,Email addresses are not good 'permanent' identifiers for accounts,438.0
104,104,38830194,story,nalgeon,1704093019,https://matklad.github.io/2023/12/31/git-things.html#Git-Things,194,Git Things,137.0
105,105,38830687,story,indyjoenz,1704101627,https://github.com/cmang/durdraw,147,Show HN: Durdraw – a modern ANSI art editor for modern Unix terminals,26.0
106,106,38842129,story,ta988,1704206843,https://www.mdpi.com/1099-4300/25/12/1645,7,From Black Holes Entropy to Consciousness:The Dimensions of the Brain Connectome,0.0
107,107,38836849,story,ripe,1704156752,https://www.wgbh.org/lifestyle/2018-03-06/why-is-there-a-strand-of-dna-on-massachusetts-license-plates,65,Why Is There a 'Strand of DNA' on Massachusetts License Plates?,24.0
108,108,38831446,story,EndXA,1704112921,https://solvingprocrastination.com/perfectionism/,654,Procrastination is connected to perfectionism,208.0
109,109,38809145,story,angrymouse,1703878002,https://blot.im/how,574,Blot turns a folder into a website,135.0
110,110,38834780,story,serverlessmom,1704138724,https://thisisimportant.net/posts/content-as-a-graph/,95,Displaying Content as a Graph,30.0
111,111,38824644,story,transpute,1704036349,https://daduckmsft.github.io/WiFiProfileGenerator/,86,iOS Wi-Fi Profile Generator,60.0
112,112,38822251,story,nf3,1704003945,https://solar.lowtechmagazine.com/2016/04/slow-electricity-the-return-of-dc-power/,59,Slow Electricity: The Return of DC Power? (2016),122.0
113,113,38828594,story,simonw,1704067718,https://simonwillison.net/2023/Dec/31/ai-in-2023/,196,Stuff we figured out about AI in 2023,124.0
114,114,38821708,story,rramadass,1703995847,https://www.methodsandtools.com/archive/archive.php?id=39,68,Decision Table Based Methodology for Software Development (2004),24.0
115,115,38833115,story,andy_herbert,1704127571,https://inference-review.com/article/wacky-jabber,9,Wacky Jabber (2022),1.0
116,116,38833497,story,1970-01-01,1704130391,https://nyheritage.contentdm.oclc.org/digital/collection/p16694coll20/id/35/,342,Woman with rectifier and electric car (1912),236.0
117,117,38838505,story,wglb,1704173867,https://techxplore.com/news/2023-12-ai-chatbots-jailbreak.html,4,Researchers use AI chatbots against themselves to 'jailbreak' each other,0.0
118,118,38822164,story,yla92,1704002351,https://github.com/jart/emacs-copilot,372,Emacs-copilot: Large language model code completion for Emacs,154.0
119,119,38823514,story,ryangibb,1704024652,https://mattgadient.com/7-watts-idle-on-intel-12th-13th-gen-the-foundation-for-building-a-low-power-server-nas/,324,7 watts idle – building a low powered server/NAS on Intel 12th/13th gen,173.0
120,120,38837870,story,selvan,1704167303,https://litestream.io/,88,Litestream – Opensource disaster recovery and continuous replication for SQLite,26.0
121,121,38822981,story,ck45,1704017723,https://www.arthistoricum.net/en/subjects/image/janke-archive,16,"Karl Hans Janke – The ""artist-inventor""",1.0
122,122,38833440,story,vidyesh,1704129840,https://waitbutwhy.com/2015/03/procrastination-matrix.html,91,The Procrastination Matrix (2015),7.0
123,123,38838638,story,400thecat,1704175419,https://www.creditslips.org/creditslips/2023/08/creative-destruction-in-small-business-bankruptcy.html,24,Creative Destruction in Small Business Bankruptcy,10.0
124,124,38823240,story,whoami_nr,1704021097,https://rnikhil.com/2023/12/31/ai-cfr-solver-poker.html,114,Counterfactual Regret Minimisation or How I won any money in Poker?,26.0
125,125,38839143,story,pontifk8r,1704181223,https://vtdigger.org/2023/12/24/in-his-final-years-on-the-job-mojo-the-dog-sniffs-out-illicit-material-and-brings-immeasurable-joy-to-vermonts-internet-crimes-unit/,47,Vermont Attorney General's dog sniffs out electronic storage devices,53.0
126,126,38803589,story,throwaway167,1703846056,http://kiwihellenist.blogspot.com/2017/01/salt-and-salary.html,218,Salt and salary: Were Roman soldiers paid in salt? (2017),228.0
127,127,38833208,story,sacrosanct,1704128230,https://publicdomainreview.org/blog/2024/01/public-domain-day-2024/,165,Happy Public Domain Day,36.0
128,128,38832074,story,ramiboutas,1704119889,https://nicecv.online/,22,Show HN: I created a SaaS with Htmx and Django back end (nicecv.online),6.0
129,129,38830441,story,t_a_v_i_s,1704097826,https://www.kadoa.com/,27,Extract Web Data Easily with AI,13.0
130,130,38830482,story,tim_artflow,1704098646,https://app.artflow.ai/character-builder?feature=characters,74,Show HN: Made some progress on character consistency for AI storytelling,22.0
131,131,38832257,story,nirvanist,1704121790,https://github.com/html5-ninja/page-replica,131,"Show HN: Page Replica – Tool for Web Scraping, Prerendering, and SEO Boost",52.0
132,132,38816135,story,jamghee,1703951499,https://nick.scialli.me/blog/why-im-skeptical-of-low-code/,418,I'm skeptical of low-code,294.0
133,133,38814560,story,rurban,1703937318,https://events.ccc.de/congress/2023/hub/en/event/fuzzing_the_tcp_ip_stack/,134,37C3: Fuzzing the TCP/IP Stack,7.0
134,134,38809454,story,zdw,1703879671,https://www.youtube.com/watch?v=E3p_Cv32tEo,186,The step-by-step mechanical logic of old pinball machines [video],41.0
135,135,38837807,story,asicsp,1704166624,https://github.com/zigcc/zig-cookbook,104,Zig cookbook: collection of simple Zig programs that demonstrate good practices,54.0
136,136,38814492,story,matheust,1703936725,https://matheustavares.gitlab.io/posts/committing-without-git,211,Committing Without Git,21.0
137,137,38833113,story,debarshri,1704127557,https://github.com/adaptive-scale/dbchaos,75,Show HN: DBChaos – A Database stress testing tool,10.0
138,138,38829177,story,ilpr,1704074666,https://raiseto.com/,48,Show HN: Raiseto – Discover and Share Ideas,14.0
139,139,38837848,story,Timothee,1704167102,https://time.com/5752129/y2k-bug-history/,44,"20 years later, the Y2K bug seems like a joke–because some took it seriously (2019)",40.0
140,140,38830223,story,dragonbonheur,1704093644,https://www.youtube.com/watch?v=hmzO--ox7X0,199,Steamboat Willie [video],124.0
141,141,38833182,story,replyOnce,1704128058,https://publibikes.tibaldo.ch/,21,Show HN: Tracking bike-share movement over New Year in Zurich,5.0
142,142,38815334,story,rramadass,1703944912,https://theartofhpc.com/,613,The art of high performance computing,114.0
143,143,38845736,story,paulpauper,1704223018,https://www.theguardian.com/technology/2024/jan/02/x-twitter-stock-falls-elon-musk,5,Value of X has fallen 71% since purchase by Musk and name change from Twitter,1.0
144,144,38823523,story,chmaynard,1704024725,https://multimedia.cx/eggs/my-sbc-collection/,70,My SBC Collection,44.0
145,145,38822785,story,mpweiher,1704014075,http://www.antipope.org/charlie/blog-static/2023/09/pushing-it-back.html,59,Pushing It Back,30.0
146,146,38828619,story,lupyuen,1704068145,https://lupyuen.codeberg.page/articles/nim.html,112,Nim on a Real-Time Operating System: Apache NuttX RTOS and Ox64 BL808 SBC,20.0
147,147,38839088,story,doener,1704180600,https://www.economist.com/technology-quarterly/2023/09/25/eating-fewer-calories-can-ward-off-ageing,172,Eating fewer calories can ward off ageing,236.0
148,148,38842560,story,Brajeshwar,1704209178,https://www.wired.com/story/apple-lockdown-mode-hands-on/,33,What It's Like to Use Apple's Lockdown Mode,16.0
149,149,38836293,story,mattm,1704151759,https://www.youtube.com/watch?v=wu9o3vSYtl4,36,Codebreaker Cracks 135 Year Old Message [video],18.0
150,150,38823002,story,begueradj,1704018123,https://dubroy.com/blog/getting-things-done-in-small-increments/,223,Getting things done in small increments (2022),50.0
151,151,38820616,story,bendauphinee,1703981993,https://bendauphinee.com/writing/2023/12/30/to-know-where-you-are/,138,High Precision Mapping from Scratch,42.0
152,152,38818800,story,alentodorov,1703968213,https://www.spomenikdatabase.org,141,Spomenik Database,18.0
153,153,38826187,story,elpocko,1704046855,https://www.righto.com/2023/12/amd-lance-ethernet-double-poly.html,146,Interesting double-poly latches inside AMD's vintage LANCE Ethernet chip,16.0
154,154,38830132,story,coxley,1704091725,https://dustinbrett.com/,370,DaedalOS – Desktop environment in the browser,132.0
155,155,38831581,story,pocketarc,1704114897,https://tvsort.com/,66,"Show HN: I made TV Sort, a web-based game for ranking TV show episodes",67.0
156,156,38832959,story,Philpax,1704126293,https://www.youtube.com/watch?v=7DKv5H5Frt0,779,"Tom Scott: After ten years, it's time to stop making videos [video]",234.0
157,157,38844258,story,belter,1704216651,https://www.ft.com/content/716c9b0b-d8cd-491a-a91b-d70c1e540797,6,Tesla overtaken by China's BYD as biggest EV maker,0.0
158,158,38831921,story,lessimore,1704118635,https://www.finderhub.app,16,Show HN: I built an app hidden under the MacBook's notch for quick file access,7.0
159,159,38830264,story,coolandsmartrr,1704094509,https://www.bbc.com/news/entertainment-arts-67833411,387,Disney's earliest Mickey Mouse enters public domain as US copyright expires,184.0
160,160,38831241,story,jacquesm,1704110215,https://www.youtube.com/watch?v=Eq3bUFgEcb4,78,Notation Must Die: The Battle for How We Read Music [video],106.0
161,161,38828682,story,bk146,1704068832,,171,Ask HN: What software/tech blogs/magazines should I be reading in 2024?,87.0
162,162,38808552,story,hasheddan,1703875118,https://cs.brown.edu/~sk/Publications/Papers/Published/ck-core-calc-doc-lambda-ultimate-doc/paper.pdf,124,A Core Calculus for Documents [pdf],20.0
163,163,38823386,story,smasher164,1704023065,https://www.cs.cit.tum.de/fileadmin/w00cfj/dis/_my_direct_uploads/vmcache.pdf,38,vmcache: Virtual-Memory Assisted Buffer Management [pdf],3.0
164,164,38822319,story,rramadass,1704005453,https://www.hillelwayne.com/post/decision-table-patterns/,70,Decision Table Patterns (2020),11.0
165,165,38844053,story,hasheddan,1704215725,https://wizardzines.com/comics/branches-have-no-rules/,37,Git Branches Have No Rules,62.0
166,166,38832527,story,everybodyknows,1704123561,https://margaretatwood.substack.com/p/substacks-dilemma,53,Substack's Dilemma,30.0
167,167,38819262,story,smartmic,1703971076,https://ugrep.com/,338,"Ugrep – a more powerful, fast, user-friendly, compatible grep",107.0
168,168,38833325,story,HieronymusBosch,1704128994,https://torrentfreak.com/all-dmca-notices-filed-against-torrentfreak-in-2023-were-bogus-240101/,430,All DMCA Notices Filed Against TorrentFreak in 2023 Were Bogus,117.0
169,169,38836965,story,SaaSRobinHood,1704157829,https://github.com/tristancrushing/ScheduleSort,4,ScheduleSort,1.0
170,170,38823332,story,0x45696e6172,1704022464,https://www.zsh.org/mla/users/2011/msg00095.html,25,Coproc Tutorial (2011),7.0
171,171,38823304,story,mooreds,1704022105,https://nationalpeanutboard.org/news/a-1690s-peanut-is-reborn/,166,A 1690s Peanut is Reborn,70.0
172,172,38825623,story,donohoe,1704043251,https://bsky.app/profile/donohoe.dev/post/3khu7w2kz7l2b,238,Sony software updates breaks movie theater projectors,119.0
173,173,38822569,story,jack_riminton,1704010355,,161,Ask HN: What has quantum computing achieved so far?,121.0
174,174,38829845,story,jey,1704085452,https://www.inc.com/jeff-haden/27-years-ago-steve-jobs-said-best-employees-focus-on-content-not-process-workplace-research-shows-he-was-right.html,369,"27 years ago, Steve Jobs said the best employees focus on content, not process",266.0
175,175,38839414,story,pg_1234,1704184056,https://www.theguardian.com/world/gallery/2024/jan/02/japans-deadly-earthquakes-spark-fires-and-destroy-buildings-in-pictures,12,Japan's deadly earthquakes spark fires and destroy buildings – in pictures,1.0
176,176,38831010,story,saliagato,1704106616,https://arxiv.org/abs/2312.16337,11,Language Models May Not Be Few-Shot Anymore,0.0
177,177,38835435,story,rickcarlino,1704143876,https://www.eff.org/deeplinks/2023/12/year-review-googles-corporate-paternalism-browser,99,EFF Year in Review: Google's Corporate Paternalism in the Browser,1.0
178,178,38844980,story,Tomte,1704219845,https://www.cnn.com/2024/01/02/business/claudine-gay-harvard-president-resigns/index.html,24,Claudine Gay to resign Harvard presidency,44.0
179,179,38830767,story,ingve,1704102772,https://bitsavers.org/pdf/apple/mac/pink/Taligent_-_Taligents_Guide_to_Designing_Programs_1994.pdf,42,Taligent's Guide to Designing Programs [pdf],10.0
180,180,38829235,story,1970-01-01,1704075467,https://ct.cloudflare.com/,90,Merkle Town: Explore the certificate transparency ecosystem,25.0
181,181,38827354,story,cubefox,1704055270,https://testufo.com/,26,Test UFO,3.0
182,182,38823673,story,tosh,1704026439,https://www.onsclom.net/posts/javascript-tco,172,"Bun, JavaScript, and TCO",161.0
183,183,38829303,story,JSLegendDev,1704076259,https://github.com/JSLegendDev/Pokemon-p5js,73,Show HN: Pokemon prototype game made with JavaScript and p5.js,19.0
184,184,38830777,story,eterps,1704102912,https://pagedout.institute,79,"Free techical magazine about programming, hacking, security, electronics, retro",2.0
185,185,38814193,story,ingve,1703932832,https://danielmangum.com/posts/retrospective-sparc-register-windows/,34,A Brief Retrospective on SPARC Register Windows,17.0
186,186,38825884,story,mjsir911,1704044698,https://en.wikipedia.org/wiki/Warchalking,59,Warchalking,33.0
187,187,38833523,story,neverrroot,1704130575,https://winworldpc.com/product/netscape-navigator/1x,62,Netscape 1.x,52.0
188,188,38833381,story,geox,1704129356,https://triagechallenge.darpa.mil/,73,DARPA Triage Challenge,28.0
189,189,38835845,story,johntfella,1704147477,https://www.usgs.gov/news/national-news-release/fireworks-likely-caused-water-contamination-mount-rushmore,128,Fireworks likely caused water contamination at Mount Rushmore (2016),46.0
190,190,38813677,story,goranmoomin,1703924969,https://bvisness.me/luax/,190,LuaX: A Lua Dialect with JSX,81.0
191,191,38830281,story,rntn,1704094882,https://www3.nhk.or.jp/nhkworld/en/news/20240101_15/,270,"Magnitude 7.6 earthquake strikes Japan, tsunami warning issued for Ishikawa",64.0
192,192,38834011,story,kosasbest,1704133594,https://deramp.com/,11,Vintage Computing,2.0
193,193,38834895,story,lumpa,1704139602,https://www.pypy.org/posts/2023/12/pypy-moved-to-git-github.html,165,"PyPy has moved to Git, GitHub",72.0
194,194,38831735,story,baobaba,1704116873,https://habitcalendar.co/,32,Show HN: A (compact) printable 2024 habit calendar,13.0
195,195,38812758,story,benbreen,1703909348,https://www.nytimes.com/2023/03/02/nyregion/hotel-pennsylvania-nyc.html,71,"Once the world's largest, the Pennsylvania Hotel goes 'poof' before our eyes",66.0
196,196,38839422,story,rcarmo,1704184122,https://www.servethehome.com/nvidia-rtx-5000-ada-32gb-workstation-gpu-review/,67,Nvidia RTX 5000 Ada 32GB Workstation GPU Review,93.0
197,197,38831379,story,simonpure,1704112214,https://github.com/oracle-samples/sd4j,74,SD4J – Stable Diffusion pipeline in Java using ONNX Runtime,45.0
198,198,38806650,story,schalkneethling,1703866975,https://www.bleepingcomputer.com/news/security/malware-abuses-google-oauth-endpoint-to-revive-cookies-hijack-accounts/,227,"Malware abuses Google OAuth endpoint to 'revive' cookies, hijack accounts",100.0
199,199,38822350,story,kylegalbraith,1704006193,https://github.com/AzuraCast/AzuraCast,56,"AzuraCast: A Simple, Self-Hosted Web Radio Management Suite",15.0
